{
    "format_version": "1.10.0",
    "minecraft:attachable": {
        "description": {
            //Replace <identifier> with the full identifier of your item
            "identifier": "mtc:i_notp",
            "materials": {
                "default": "entity_alphatest",
                "enchanted": "entity_alphatest_glint"
            },
            "textures": {
                //Replace <path> with the filepath to your items texture. It should match up with the filepath given in item_texture.json
                "default": "textures/mtc_items/notp",
                "enchanted": "textures/misc/enchanted_item_glint"
            },
            "geometry": {
                "default": "geometry.large_item"
            },
            "animations": {
                "hold": "animation.large_item.hold"
            },
            "scripts": {
                "animate": ["hold"]
            },
            "render_controllers": ["controller.render.large_item"]
        }
    }
}