{
  "format_version": "1.13.0",
  "minecraft:entity": {
    "description": {
      "identifier": "mtc:set",
      "is_spawnable": false,
      "is_summonable": true,
      "is_experimental": false,
      "animations": {
        "set_controller": "controller.animation.mtc_set"
      },
      "scripts": {
          "animate": [
              "set_controller"
          ]
      }
    },
    "components": {
      "minecraft:collision_box": {
          "width": 0,
          "height": 0
      },
      "minecraft:type_family": {
          "family": [
              "mtc_obj"
          ]
      },
      "minecraft:tick_world": {
          "radius": 2,
          "never_despawn": true
      },
      "minecraft:health": {
         "value": 1,
         "max": 1
      }
    }
  }
}
