{
	"format_version": "1.12.0",
	"minecraft:geometry": [
		{
			"description": {
				"identifier": "geometry.mtc_pole_def2",
				"texture_width": 16,
				"texture_height": 4,
				"visible_bounds_width": 32,
				"visible_bounds_height": 11,
				"visible_bounds_offset": [0, 3.5, 0]
			},
			"bones": [
				{
					"name": "pole",
					"pivot": [0, 0, 0]
				},
				{
					"name": "base",
					"parent": "pole",
					"pivot": [0, 0, 0]
				},
				{
					"name": "sec1",
					"parent": "pole",
					"pivot": [0, 88.3, 0],
					"cubes": [
						{
							"origin": [-0.25, 82.8, -8.5],
							"size": [0.5, 15, 0.5],
							"uv": {
								"north": {"uv": [4, 0], "uv_size": [1, 1]},
								"east": {"uv": [4, 0], "uv_size": [1, 1]},
								"south": {"uv": [4, 0], "uv_size": [1, 1]},
								"west": {"uv": [4, 0], "uv_size": [1, 1]},
								"up": {"uv": [5, 1], "uv_size": [-1, -1]},
								"down": {"uv": [5, 1], "uv_size": [-1, -1]}
							}
						},
						{
							"origin": [-0.25, 82.8, -8.5],
							"size": [0.5, 0.5, 10],
							"uv": {
								"north": {"uv": [4, 0], "uv_size": [1, 1]},
								"east": {"uv": [4, 0], "uv_size": [1, 1]},
								"south": {"uv": [4, 0], "uv_size": [1, 1]},
								"west": {"uv": [4, 0], "uv_size": [1, 1]},
								"up": {"uv": [5, 1], "uv_size": [-1, -1]},
								"down": {"uv": [5, 1], "uv_size": [-1, -1]}
							}
						},
						{
							"origin": [-0.25, 97.3, -8.5],
							"size": [0.5, 0.5, 10],
							"uv": {
								"north": {"uv": [4, 0], "uv_size": [1, 1]},
								"east": {"uv": [4, 0], "uv_size": [1, 1]},
								"south": {"uv": [4, 0], "uv_size": [1, 1]},
								"west": {"uv": [4, 0], "uv_size": [1, 1]},
								"up": {"uv": [5, 1], "uv_size": [-1, -1]},
								"down": {"uv": [5, 1], "uv_size": [-1, -1]}
							}
						}
					]
				},
				{
					"name": "sec2",
					"parent": "sec1",
					"pivot": [0, 88.3, -8],
					"cubes": [
						{
							"origin": [-0.25, 82.8, -16.5],
							"size": [0.5, 0.5, 10],
							"uv": {
								"north": {"uv": [4, 0], "uv_size": [1, 1]},
								"east": {"uv": [4, 0], "uv_size": [1, 1]},
								"south": {"uv": [4, 0], "uv_size": [1, 1]},
								"west": {"uv": [4, 0], "uv_size": [1, 1]},
								"up": {"uv": [5, 1], "uv_size": [-1, -1]},
								"down": {"uv": [5, 1], "uv_size": [-1, -1]}
							}
						},
						{
							"origin": [-0.25, 97.3, -16.5],
							"size": [0.5, 0.5, 10],
							"uv": {
								"north": {"uv": [4, 0], "uv_size": [1, 1]},
								"east": {"uv": [4, 0], "uv_size": [1, 1]},
								"south": {"uv": [4, 0], "uv_size": [1, 1]},
								"west": {"uv": [4, 0], "uv_size": [1, 1]},
								"up": {"uv": [5, 1], "uv_size": [-1, -1]},
								"down": {"uv": [5, 1], "uv_size": [-1, -1]}
							}
						}
					]
				},
				{
					"name": "sec3",
					"parent": "sec2",
					"pivot": [0, 88.3, -16],
					"cubes": [
						{
							"origin": [-0.25, 82.8, -24.5],
							"size": [0.5, 0.5, 10],
							"uv": {
								"north": {"uv": [4, 0], "uv_size": [1, 1]},
								"east": {"uv": [4, 0], "uv_size": [1, 1]},
								"south": {"uv": [4, 0], "uv_size": [1, 1]},
								"west": {"uv": [4, 0], "uv_size": [1, 1]},
								"up": {"uv": [5, 1], "uv_size": [-1, -1]},
								"down": {"uv": [5, 1], "uv_size": [-1, -1]}
							}
						},
						{
							"origin": [-0.25, 97.3, -24.5],
							"size": [0.5, 0.5, 10],
							"uv": {
								"north": {"uv": [4, 0], "uv_size": [1, 1]},
								"east": {"uv": [4, 0], "uv_size": [1, 1]},
								"south": {"uv": [4, 0], "uv_size": [1, 1]},
								"west": {"uv": [4, 0], "uv_size": [1, 1]},
								"up": {"uv": [5, 1], "uv_size": [-1, -1]},
								"down": {"uv": [5, 1], "uv_size": [-1, -1]}
							}
						}
					]
				},
				{
					"name": "sec4",
					"parent": "sec3",
					"pivot": [0, 88.3, -24],
					"cubes": [
						{
							"origin": [-0.25, 82.8, -32.5],
							"size": [0.5, 0.5, 10],
							"uv": {
								"north": {"uv": [4, 0], "uv_size": [1, 1]},
								"east": {"uv": [4, 0], "uv_size": [1, 1]},
								"south": {"uv": [4, 0], "uv_size": [1, 1]},
								"west": {"uv": [4, 0], "uv_size": [1, 1]},
								"up": {"uv": [5, 1], "uv_size": [-1, -1]},
								"down": {"uv": [5, 1], "uv_size": [-1, -1]}
							}
						},
						{
							"origin": [-0.25, 97.3, -32.5],
							"size": [0.5, 0.5, 10],
							"uv": {
								"north": {"uv": [4, 0], "uv_size": [1, 1]},
								"east": {"uv": [4, 0], "uv_size": [1, 1]},
								"south": {"uv": [4, 0], "uv_size": [1, 1]},
								"west": {"uv": [4, 0], "uv_size": [1, 1]},
								"up": {"uv": [5, 1], "uv_size": [-1, -1]},
								"down": {"uv": [5, 1], "uv_size": [-1, -1]}
							}
						}
					]
				},
				{
					"name": "sec5",
					"parent": "sec4",
					"pivot": [0, 88.3, -32],
					"cubes": [
						{
							"origin": [-0.25, 82.8, -40.5],
							"size": [0.5, 0.5, 10],
							"uv": {
								"north": {"uv": [4, 0], "uv_size": [1, 1]},
								"east": {"uv": [4, 0], "uv_size": [1, 1]},
								"south": {"uv": [4, 0], "uv_size": [1, 1]},
								"west": {"uv": [4, 0], "uv_size": [1, 1]},
								"up": {"uv": [5, 1], "uv_size": [-1, -1]},
								"down": {"uv": [5, 1], "uv_size": [-1, -1]}
							}
						},
						{
							"origin": [-0.25, 97.3, -40.5],
							"size": [0.5, 0.5, 10],
							"uv": {
								"north": {"uv": [4, 0], "uv_size": [1, 1]},
								"east": {"uv": [4, 0], "uv_size": [1, 1]},
								"south": {"uv": [4, 0], "uv_size": [1, 1]},
								"west": {"uv": [4, 0], "uv_size": [1, 1]},
								"up": {"uv": [5, 1], "uv_size": [-1, -1]},
								"down": {"uv": [5, 1], "uv_size": [-1, -1]}
							}
						}
					]
				},
				{
					"name": "sec6",
					"parent": "sec5",
					"pivot": [0, 88.3, -40],
					"cubes": [
						{
							"origin": [-0.25, 82.8, -48.5],
							"size": [0.5, 0.5, 10],
							"uv": {
								"north": {"uv": [4, 0], "uv_size": [1, 1]},
								"east": {"uv": [4, 0], "uv_size": [1, 1]},
								"south": {"uv": [4, 0], "uv_size": [1, 1]},
								"west": {"uv": [4, 0], "uv_size": [1, 1]},
								"up": {"uv": [5, 1], "uv_size": [-1, -1]},
								"down": {"uv": [5, 1], "uv_size": [-1, -1]}
							}
						},
						{
							"origin": [-0.25, 97.3, -48.5],
							"size": [0.5, 0.5, 10],
							"uv": {
								"north": {"uv": [4, 0], "uv_size": [1, 1]},
								"east": {"uv": [4, 0], "uv_size": [1, 1]},
								"south": {"uv": [4, 0], "uv_size": [1, 1]},
								"west": {"uv": [4, 0], "uv_size": [1, 1]},
								"up": {"uv": [5, 1], "uv_size": [-1, -1]},
								"down": {"uv": [5, 1], "uv_size": [-1, -1]}
							}
						}
					]
				},
				{
					"name": "sec7",
					"parent": "sec6",
					"pivot": [0, 88.3, -48],
					"cubes": [
						{
							"origin": [-0.25, 82.8, -56.5],
							"size": [0.5, 0.5, 10],
							"uv": {
								"north": {"uv": [4, 0], "uv_size": [1, 1]},
								"east": {"uv": [4, 0], "uv_size": [1, 1]},
								"south": {"uv": [4, 0], "uv_size": [1, 1]},
								"west": {"uv": [4, 0], "uv_size": [1, 1]},
								"up": {"uv": [5, 1], "uv_size": [-1, -1]},
								"down": {"uv": [5, 1], "uv_size": [-1, -1]}
							}
						},
						{
							"origin": [-0.25, 97.3, -56.5],
							"size": [0.5, 0.5, 10],
							"uv": {
								"north": {"uv": [4, 0], "uv_size": [1, 1]},
								"east": {"uv": [4, 0], "uv_size": [1, 1]},
								"south": {"uv": [4, 0], "uv_size": [1, 1]},
								"west": {"uv": [4, 0], "uv_size": [1, 1]},
								"up": {"uv": [5, 1], "uv_size": [-1, -1]},
								"down": {"uv": [5, 1], "uv_size": [-1, -1]}
							}
						}
					]
				},
				{
					"name": "sec8",
					"parent": "sec7",
					"pivot": [0, 88.3, -56],
					"cubes": [
						{
							"origin": [-0.25, 82.8, -64.5],
							"size": [0.5, 0.5, 10],
							"uv": {
								"north": {"uv": [4, 0], "uv_size": [1, 1]},
								"east": {"uv": [4, 0], "uv_size": [1, 1]},
								"south": {"uv": [4, 0], "uv_size": [1, 1]},
								"west": {"uv": [4, 0], "uv_size": [1, 1]},
								"up": {"uv": [5, 1], "uv_size": [-1, -1]},
								"down": {"uv": [5, 1], "uv_size": [-1, -1]}
							}
						},
						{
							"origin": [-0.25, 97.3, -64.5],
							"size": [0.5, 0.5, 10],
							"uv": {
								"north": {"uv": [4, 0], "uv_size": [1, 1]},
								"east": {"uv": [4, 0], "uv_size": [1, 1]},
								"south": {"uv": [4, 0], "uv_size": [1, 1]},
								"west": {"uv": [4, 0], "uv_size": [1, 1]},
								"up": {"uv": [5, 1], "uv_size": [-1, -1]},
								"down": {"uv": [5, 1], "uv_size": [-1, -1]}
							}
						}
					]
				},
				{
					"name": "sec9",
					"parent": "sec8",
					"pivot": [0, 88.3, -64],
					"cubes": [
						{
							"origin": [-0.25, 82.8, -72.5],
							"size": [0.5, 15, 0.5],
							"uv": {
								"north": {"uv": [4, 0], "uv_size": [1, 1]},
								"east": {"uv": [4, 0], "uv_size": [1, 1]},
								"south": {"uv": [4, 0], "uv_size": [1, 1]},
								"west": {"uv": [4, 0], "uv_size": [1, 1]},
								"up": {"uv": [5, 1], "uv_size": [-1, -1]},
								"down": {"uv": [5, 1], "uv_size": [-1, -1]}
							}
						},
						{
							"origin": [-0.25, 82.8, -72.5],
							"size": [0.5, 0.5, 10],
							"uv": {
								"north": {"uv": [4, 0], "uv_size": [1, 1]},
								"east": {"uv": [4, 0], "uv_size": [1, 1]},
								"south": {"uv": [4, 0], "uv_size": [1, 1]},
								"west": {"uv": [4, 0], "uv_size": [1, 1]},
								"up": {"uv": [5, 1], "uv_size": [-1, -1]},
								"down": {"uv": [5, 1], "uv_size": [-1, -1]}
							}
						},
						{
							"origin": [-0.25, 97.3, -72.5],
							"size": [0.5, 0.5, 10],
							"uv": {
								"north": {"uv": [4, 0], "uv_size": [1, 1]},
								"east": {"uv": [4, 0], "uv_size": [1, 1]},
								"south": {"uv": [4, 0], "uv_size": [1, 1]},
								"west": {"uv": [4, 0], "uv_size": [1, 1]},
								"up": {"uv": [5, 1], "uv_size": [-1, -1]},
								"down": {"uv": [5, 1], "uv_size": [-1, -1]}
							}
						}
					]
				},
				{
					"name": "sec10",
					"parent": "sec9",
					"pivot": [0, 88.3, -72],
					"cubes": [
						{
							"origin": [-0.25, 82.8, -80.5],
							"size": [0.5, 0.5, 10],
							"uv": {
								"north": {"uv": [4, 0], "uv_size": [1, 1]},
								"east": {"uv": [4, 0], "uv_size": [1, 1]},
								"south": {"uv": [4, 0], "uv_size": [1, 1]},
								"west": {"uv": [4, 0], "uv_size": [1, 1]},
								"up": {"uv": [5, 1], "uv_size": [-1, -1]},
								"down": {"uv": [5, 1], "uv_size": [-1, -1]}
							}
						},
						{
							"origin": [-0.25, 97.3, -80.5],
							"size": [0.5, 0.5, 10],
							"uv": {
								"north": {"uv": [4, 0], "uv_size": [1, 1]},
								"east": {"uv": [4, 0], "uv_size": [1, 1]},
								"south": {"uv": [4, 0], "uv_size": [1, 1]},
								"west": {"uv": [4, 0], "uv_size": [1, 1]},
								"up": {"uv": [5, 1], "uv_size": [-1, -1]},
								"down": {"uv": [5, 1], "uv_size": [-1, -1]}
							}
						}
					]
				},
				{
					"name": "sec11",
					"parent": "sec10",
					"pivot": [0, 88.3, -80],
					"cubes": [
						{
							"origin": [-0.25, 82.8, -88.5],
							"size": [0.5, 0.5, 10],
							"uv": {
								"north": {"uv": [4, 0], "uv_size": [1, 1]},
								"east": {"uv": [4, 0], "uv_size": [1, 1]},
								"south": {"uv": [4, 0], "uv_size": [1, 1]},
								"west": {"uv": [4, 0], "uv_size": [1, 1]},
								"up": {"uv": [5, 1], "uv_size": [-1, -1]},
								"down": {"uv": [5, 1], "uv_size": [-1, -1]}
							}
						},
						{
							"origin": [-0.25, 97.3, -88.5],
							"size": [0.5, 0.5, 10],
							"uv": {
								"north": {"uv": [4, 0], "uv_size": [1, 1]},
								"east": {"uv": [4, 0], "uv_size": [1, 1]},
								"south": {"uv": [4, 0], "uv_size": [1, 1]},
								"west": {"uv": [4, 0], "uv_size": [1, 1]},
								"up": {"uv": [5, 1], "uv_size": [-1, -1]},
								"down": {"uv": [5, 1], "uv_size": [-1, -1]}
							}
						}
					]
				},
				{
					"name": "sec12",
					"parent": "sec11",
					"pivot": [0, 88.3, -88],
					"cubes": [
						{
							"origin": [-0.25, 82.8, -96.5],
							"size": [0.5, 0.5, 10],
							"uv": {
								"north": {"uv": [4, 0], "uv_size": [1, 1]},
								"east": {"uv": [4, 0], "uv_size": [1, 1]},
								"south": {"uv": [4, 0], "uv_size": [1, 1]},
								"west": {"uv": [4, 0], "uv_size": [1, 1]},
								"up": {"uv": [5, 1], "uv_size": [-1, -1]},
								"down": {"uv": [5, 1], "uv_size": [-1, -1]}
							}
						},
						{
							"origin": [-0.25, 97.3, -96.5],
							"size": [0.5, 0.5, 10],
							"uv": {
								"north": {"uv": [4, 0], "uv_size": [1, 1]},
								"east": {"uv": [4, 0], "uv_size": [1, 1]},
								"south": {"uv": [4, 0], "uv_size": [1, 1]},
								"west": {"uv": [4, 0], "uv_size": [1, 1]},
								"up": {"uv": [5, 1], "uv_size": [-1, -1]},
								"down": {"uv": [5, 1], "uv_size": [-1, -1]}
							}
						}
					]
				},
				{
					"name": "sec13",
					"parent": "sec12",
					"pivot": [0, 88.3, -96],
					"cubes": [
						{
							"origin": [-0.25, 82.8, -104.5],
							"size": [0.5, 0.5, 10],
							"uv": {
								"north": {"uv": [4, 0], "uv_size": [1, 1]},
								"east": {"uv": [4, 0], "uv_size": [1, 1]},
								"south": {"uv": [4, 0], "uv_size": [1, 1]},
								"west": {"uv": [4, 0], "uv_size": [1, 1]},
								"up": {"uv": [5, 1], "uv_size": [-1, -1]},
								"down": {"uv": [5, 1], "uv_size": [-1, -1]}
							}
						},
						{
							"origin": [-0.25, 97.3, -104.5],
							"size": [0.5, 0.5, 10],
							"uv": {
								"north": {"uv": [4, 0], "uv_size": [1, 1]},
								"east": {"uv": [4, 0], "uv_size": [1, 1]},
								"south": {"uv": [4, 0], "uv_size": [1, 1]},
								"west": {"uv": [4, 0], "uv_size": [1, 1]},
								"up": {"uv": [5, 1], "uv_size": [-1, -1]},
								"down": {"uv": [5, 1], "uv_size": [-1, -1]}
							}
						}
					]
				},
				{
					"name": "sec14",
					"parent": "sec13",
					"pivot": [0, 88.3, -104],
					"cubes": [
						{
							"origin": [-0.25, 82.8, -112.5],
							"size": [0.5, 0.5, 10],
							"uv": {
								"north": {"uv": [4, 0], "uv_size": [1, 1]},
								"east": {"uv": [4, 0], "uv_size": [1, 1]},
								"south": {"uv": [4, 0], "uv_size": [1, 1]},
								"west": {"uv": [4, 0], "uv_size": [1, 1]},
								"up": {"uv": [5, 1], "uv_size": [-1, -1]},
								"down": {"uv": [5, 1], "uv_size": [-1, -1]}
							}
						},
						{
							"origin": [-0.25, 97.3, -112.5],
							"size": [0.5, 0.5, 10],
							"uv": {
								"north": {"uv": [4, 0], "uv_size": [1, 1]},
								"east": {"uv": [4, 0], "uv_size": [1, 1]},
								"south": {"uv": [4, 0], "uv_size": [1, 1]},
								"west": {"uv": [4, 0], "uv_size": [1, 1]},
								"up": {"uv": [5, 1], "uv_size": [-1, -1]},
								"down": {"uv": [5, 1], "uv_size": [-1, -1]}
							}
						}
					]
				},
				{
					"name": "sec15",
					"parent": "sec14",
					"pivot": [0, 88.3, -112],
					"cubes": [
						{
							"origin": [-0.25, 82.8, -120.5],
							"size": [0.5, 0.5, 10],
							"uv": {
								"north": {"uv": [4, 0], "uv_size": [1, 1]},
								"east": {"uv": [4, 0], "uv_size": [1, 1]},
								"south": {"uv": [4, 0], "uv_size": [1, 1]},
								"west": {"uv": [4, 0], "uv_size": [1, 1]},
								"up": {"uv": [5, 1], "uv_size": [-1, -1]},
								"down": {"uv": [5, 1], "uv_size": [-1, -1]}
							}
						},
						{
							"origin": [-0.25, 97.3, -120.5],
							"size": [0.5, 0.5, 10],
							"uv": {
								"north": {"uv": [4, 0], "uv_size": [1, 1]},
								"east": {"uv": [4, 0], "uv_size": [1, 1]},
								"south": {"uv": [4, 0], "uv_size": [1, 1]},
								"west": {"uv": [4, 0], "uv_size": [1, 1]},
								"up": {"uv": [5, 1], "uv_size": [-1, -1]},
								"down": {"uv": [5, 1], "uv_size": [-1, -1]}
							}
						}
					]
				},
				{
					"name": "sec16",
					"parent": "sec15",
					"pivot": [0, 88.3, -120],
					"cubes": [
						{
							"origin": [-0.25, 82.8, -128.5],
							"size": [0.5, 0.5, 10],
							"uv": {
								"north": {"uv": [4, 0], "uv_size": [1, 1]},
								"east": {"uv": [4, 0], "uv_size": [1, 1]},
								"south": {"uv": [4, 0], "uv_size": [1, 1]},
								"west": {"uv": [4, 0], "uv_size": [1, 1]},
								"up": {"uv": [5, 1], "uv_size": [-1, -1]},
								"down": {"uv": [5, 1], "uv_size": [-1, -1]}
							}
						},
						{
							"origin": [-0.25, 97.3, -128.5],
							"size": [0.5, 0.5, 10],
							"uv": {
								"north": {"uv": [4, 0], "uv_size": [1, 1]},
								"east": {"uv": [4, 0], "uv_size": [1, 1]},
								"south": {"uv": [4, 0], "uv_size": [1, 1]},
								"west": {"uv": [4, 0], "uv_size": [1, 1]},
								"up": {"uv": [5, 1], "uv_size": [-1, -1]},
								"down": {"uv": [5, 1], "uv_size": [-1, -1]}
							}
						}
					]
				},
				{
					"name": "sec17",
					"parent": "sec16",
					"pivot": [0, 88.3, -128],
					"cubes": [
						{
							"origin": [-0.25, 82.8, -136.5],
							"size": [0.5, 15, 0.5],
							"uv": {
								"north": {"uv": [4, 0], "uv_size": [1, 1]},
								"east": {"uv": [4, 0], "uv_size": [1, 1]},
								"south": {"uv": [4, 0], "uv_size": [1, 1]},
								"west": {"uv": [4, 0], "uv_size": [1, 1]},
								"up": {"uv": [5, 1], "uv_size": [-1, -1]},
								"down": {"uv": [5, 1], "uv_size": [-1, -1]}
							}
						},
						{
							"origin": [-0.25, 82.8, -136.5],
							"size": [0.5, 0.5, 10],
							"uv": {
								"north": {"uv": [4, 0], "uv_size": [1, 1]},
								"east": {"uv": [4, 0], "uv_size": [1, 1]},
								"south": {"uv": [4, 0], "uv_size": [1, 1]},
								"west": {"uv": [4, 0], "uv_size": [1, 1]},
								"up": {"uv": [5, 1], "uv_size": [-1, -1]},
								"down": {"uv": [5, 1], "uv_size": [-1, -1]}
							}
						},
						{
							"origin": [-0.25, 97.3, -136.5],
							"size": [0.5, 0.5, 10],
							"uv": {
								"north": {"uv": [4, 0], "uv_size": [1, 1]},
								"east": {"uv": [4, 0], "uv_size": [1, 1]},
								"south": {"uv": [4, 0], "uv_size": [1, 1]},
								"west": {"uv": [4, 0], "uv_size": [1, 1]},
								"up": {"uv": [5, 1], "uv_size": [-1, -1]},
								"down": {"uv": [5, 1], "uv_size": [-1, -1]}
							}
						}
					]
				},
				{
					"name": "sec18",
					"parent": "sec17",
					"pivot": [0, 88.3, -136],
					"cubes": [
						{
							"origin": [-0.25, 82.8, -144.5],
							"size": [0.5, 0.5, 10],
							"uv": {
								"north": {"uv": [4, 0], "uv_size": [1, 1]},
								"east": {"uv": [4, 0], "uv_size": [1, 1]},
								"south": {"uv": [4, 0], "uv_size": [1, 1]},
								"west": {"uv": [4, 0], "uv_size": [1, 1]},
								"up": {"uv": [5, 1], "uv_size": [-1, -1]},
								"down": {"uv": [5, 1], "uv_size": [-1, -1]}
							}
						},
						{
							"origin": [-0.25, 97.3, -144.5],
							"size": [0.5, 0.5, 10],
							"uv": {
								"north": {"uv": [4, 0], "uv_size": [1, 1]},
								"east": {"uv": [4, 0], "uv_size": [1, 1]},
								"south": {"uv": [4, 0], "uv_size": [1, 1]},
								"west": {"uv": [4, 0], "uv_size": [1, 1]},
								"up": {"uv": [5, 1], "uv_size": [-1, -1]},
								"down": {"uv": [5, 1], "uv_size": [-1, -1]}
							}
						}
					]
				},
				{
					"name": "sec19",
					"parent": "sec18",
					"pivot": [0, 88.3, -144],
					"cubes": [
						{
							"origin": [-0.25, 82.8, -152.5],
							"size": [0.5, 0.5, 10],
							"uv": {
								"north": {"uv": [4, 0], "uv_size": [1, 1]},
								"east": {"uv": [4, 0], "uv_size": [1, 1]},
								"south": {"uv": [4, 0], "uv_size": [1, 1]},
								"west": {"uv": [4, 0], "uv_size": [1, 1]},
								"up": {"uv": [5, 1], "uv_size": [-1, -1]},
								"down": {"uv": [5, 1], "uv_size": [-1, -1]}
							}
						},
						{
							"origin": [-0.25, 97.3, -152.5],
							"size": [0.5, 0.5, 10],
							"uv": {
								"north": {"uv": [4, 0], "uv_size": [1, 1]},
								"east": {"uv": [4, 0], "uv_size": [1, 1]},
								"south": {"uv": [4, 0], "uv_size": [1, 1]},
								"west": {"uv": [4, 0], "uv_size": [1, 1]},
								"up": {"uv": [5, 1], "uv_size": [-1, -1]},
								"down": {"uv": [5, 1], "uv_size": [-1, -1]}
							}
						}
					]
				},
				{
					"name": "sec20",
					"parent": "sec19",
					"pivot": [0, 88.3, -152],
					"cubes": [
						{
							"origin": [-0.25, 82.8, -160.5],
							"size": [0.5, 0.5, 10],
							"uv": {
								"north": {"uv": [4, 0], "uv_size": [1, 1]},
								"east": {"uv": [4, 0], "uv_size": [1, 1]},
								"south": {"uv": [4, 0], "uv_size": [1, 1]},
								"west": {"uv": [4, 0], "uv_size": [1, 1]},
								"up": {"uv": [5, 1], "uv_size": [-1, -1]},
								"down": {"uv": [5, 1], "uv_size": [-1, -1]}
							}
						},
						{
							"origin": [-0.25, 97.3, -160.5],
							"size": [0.5, 0.5, 10],
							"uv": {
								"north": {"uv": [4, 0], "uv_size": [1, 1]},
								"east": {"uv": [4, 0], "uv_size": [1, 1]},
								"south": {"uv": [4, 0], "uv_size": [1, 1]},
								"west": {"uv": [4, 0], "uv_size": [1, 1]},
								"up": {"uv": [5, 1], "uv_size": [-1, -1]},
								"down": {"uv": [5, 1], "uv_size": [-1, -1]}
							}
						}
					]
				},
				{
					"name": "sec21",
					"parent": "sec20",
					"pivot": [0, 88.3, -160],
					"cubes": [
						{
							"origin": [-0.25, 82.8, -168.5],
							"size": [0.5, 0.5, 10],
							"uv": {
								"north": {"uv": [4, 0], "uv_size": [1, 1]},
								"east": {"uv": [4, 0], "uv_size": [1, 1]},
								"south": {"uv": [4, 0], "uv_size": [1, 1]},
								"west": {"uv": [4, 0], "uv_size": [1, 1]},
								"up": {"uv": [5, 1], "uv_size": [-1, -1]},
								"down": {"uv": [5, 1], "uv_size": [-1, -1]}
							}
						},
						{
							"origin": [-0.25, 97.3, -168.5],
							"size": [0.5, 0.5, 10],
							"uv": {
								"north": {"uv": [4, 0], "uv_size": [1, 1]},
								"east": {"uv": [4, 0], "uv_size": [1, 1]},
								"south": {"uv": [4, 0], "uv_size": [1, 1]},
								"west": {"uv": [4, 0], "uv_size": [1, 1]},
								"up": {"uv": [5, 1], "uv_size": [-1, -1]},
								"down": {"uv": [5, 1], "uv_size": [-1, -1]}
							}
						}
					]
				},
				{
					"name": "sec22",
					"parent": "sec21",
					"pivot": [0, 88.3, -168],
					"cubes": [
						{
							"origin": [-0.25, 82.8, -176.5],
							"size": [0.5, 0.5, 10],
							"uv": {
								"north": {"uv": [4, 0], "uv_size": [1, 1]},
								"east": {"uv": [4, 0], "uv_size": [1, 1]},
								"south": {"uv": [4, 0], "uv_size": [1, 1]},
								"west": {"uv": [4, 0], "uv_size": [1, 1]},
								"up": {"uv": [5, 1], "uv_size": [-1, -1]},
								"down": {"uv": [5, 1], "uv_size": [-1, -1]}
							}
						},
						{
							"origin": [-0.25, 97.3, -176.5],
							"size": [0.5, 0.5, 10],
							"uv": {
								"north": {"uv": [4, 0], "uv_size": [1, 1]},
								"east": {"uv": [4, 0], "uv_size": [1, 1]},
								"south": {"uv": [4, 0], "uv_size": [1, 1]},
								"west": {"uv": [4, 0], "uv_size": [1, 1]},
								"up": {"uv": [5, 1], "uv_size": [-1, -1]},
								"down": {"uv": [5, 1], "uv_size": [-1, -1]}
							}
						}
					]
				},
				{
					"name": "sec23",
					"parent": "sec22",
					"pivot": [0, 88.3, -176],
					"cubes": [
						{
							"origin": [-0.25, 82.8, -184.5],
							"size": [0.5, 0.5, 10],
							"uv": {
								"north": {"uv": [4, 0], "uv_size": [1, 1]},
								"east": {"uv": [4, 0], "uv_size": [1, 1]},
								"south": {"uv": [4, 0], "uv_size": [1, 1]},
								"west": {"uv": [4, 0], "uv_size": [1, 1]},
								"up": {"uv": [5, 1], "uv_size": [-1, -1]},
								"down": {"uv": [5, 1], "uv_size": [-1, -1]}
							}
						},
						{
							"origin": [-0.25, 97.3, -184.5],
							"size": [0.5, 0.5, 10],
							"uv": {
								"north": {"uv": [4, 0], "uv_size": [1, 1]},
								"east": {"uv": [4, 0], "uv_size": [1, 1]},
								"south": {"uv": [4, 0], "uv_size": [1, 1]},
								"west": {"uv": [4, 0], "uv_size": [1, 1]},
								"up": {"uv": [5, 1], "uv_size": [-1, -1]},
								"down": {"uv": [5, 1], "uv_size": [-1, -1]}
							}
						}
					]
				},
				{
					"name": "sec24",
					"parent": "sec23",
					"pivot": [0, 88.3, -184],
					"cubes": [
						{
							"origin": [-0.25, 82.8, -192.5],
							"size": [0.5, 0.5, 10],
							"uv": {
								"north": {"uv": [4, 0], "uv_size": [1, 1]},
								"east": {"uv": [4, 0], "uv_size": [1, 1]},
								"south": {"uv": [4, 0], "uv_size": [1, 1]},
								"west": {"uv": [4, 0], "uv_size": [1, 1]},
								"up": {"uv": [5, 1], "uv_size": [-1, -1]},
								"down": {"uv": [5, 1], "uv_size": [-1, -1]}
							}
						},
						{
							"origin": [-0.25, 97.3, -192.5],
							"size": [0.5, 0.5, 10],
							"uv": {
								"north": {"uv": [4, 0], "uv_size": [1, 1]},
								"east": {"uv": [4, 0], "uv_size": [1, 1]},
								"south": {"uv": [4, 0], "uv_size": [1, 1]},
								"west": {"uv": [4, 0], "uv_size": [1, 1]},
								"up": {"uv": [5, 1], "uv_size": [-1, -1]},
								"down": {"uv": [5, 1], "uv_size": [-1, -1]}
							}
						}
					]
				},
				{
					"name": "sec25",
					"parent": "sec24",
					"pivot": [0, 88.3, -192],
					"cubes": [
						{
							"origin": [-0.25, 82.8, -200.5],
							"size": [0.5, 15, 0.5],
							"uv": {
								"north": {"uv": [4, 0], "uv_size": [1, 1]},
								"east": {"uv": [4, 0], "uv_size": [1, 1]},
								"south": {"uv": [4, 0], "uv_size": [1, 1]},
								"west": {"uv": [4, 0], "uv_size": [1, 1]},
								"up": {"uv": [5, 1], "uv_size": [-1, -1]},
								"down": {"uv": [5, 1], "uv_size": [-1, -1]}
							}
						},
						{
							"origin": [-0.25, 82.8, -200.5],
							"size": [0.5, 0.5, 10],
							"uv": {
								"north": {"uv": [4, 0], "uv_size": [1, 1]},
								"east": {"uv": [4, 0], "uv_size": [1, 1]},
								"south": {"uv": [4, 0], "uv_size": [1, 1]},
								"west": {"uv": [4, 0], "uv_size": [1, 1]},
								"up": {"uv": [5, 1], "uv_size": [-1, -1]},
								"down": {"uv": [5, 1], "uv_size": [-1, -1]}
							}
						},
						{
							"origin": [-0.25, 97.3, -200.5],
							"size": [0.5, 0.5, 10],
							"uv": {
								"north": {"uv": [4, 0], "uv_size": [1, 1]},
								"east": {"uv": [4, 0], "uv_size": [1, 1]},
								"south": {"uv": [4, 0], "uv_size": [1, 1]},
								"west": {"uv": [4, 0], "uv_size": [1, 1]},
								"up": {"uv": [5, 1], "uv_size": [-1, -1]},
								"down": {"uv": [5, 1], "uv_size": [-1, -1]}
							}
						}
					]
				},
				{
					"name": "sec26",
					"parent": "sec25",
					"pivot": [0, 88.3, -200],
					"cubes": [
						{
							"origin": [-0.25, 82.8, -208.5],
							"size": [0.5, 0.5, 10],
							"uv": {
								"north": {"uv": [4, 0], "uv_size": [1, 1]},
								"east": {"uv": [4, 0], "uv_size": [1, 1]},
								"south": {"uv": [4, 0], "uv_size": [1, 1]},
								"west": {"uv": [4, 0], "uv_size": [1, 1]},
								"up": {"uv": [5, 1], "uv_size": [-1, -1]},
								"down": {"uv": [5, 1], "uv_size": [-1, -1]}
							}
						},
						{
							"origin": [-0.25, 97.3, -208.5],
							"size": [0.5, 0.5, 10],
							"uv": {
								"north": {"uv": [4, 0], "uv_size": [1, 1]},
								"east": {"uv": [4, 0], "uv_size": [1, 1]},
								"south": {"uv": [4, 0], "uv_size": [1, 1]},
								"west": {"uv": [4, 0], "uv_size": [1, 1]},
								"up": {"uv": [5, 1], "uv_size": [-1, -1]},
								"down": {"uv": [5, 1], "uv_size": [-1, -1]}
							}
						}
					]
				},
				{
					"name": "sec27",
					"parent": "sec26",
					"pivot": [0, 88.3, -208],
					"cubes": [
						{
							"origin": [-0.25, 82.8, -216.5],
							"size": [0.5, 0.5, 10],
							"uv": {
								"north": {"uv": [4, 0], "uv_size": [1, 1]},
								"east": {"uv": [4, 0], "uv_size": [1, 1]},
								"south": {"uv": [4, 0], "uv_size": [1, 1]},
								"west": {"uv": [4, 0], "uv_size": [1, 1]},
								"up": {"uv": [5, 1], "uv_size": [-1, -1]},
								"down": {"uv": [5, 1], "uv_size": [-1, -1]}
							}
						},
						{
							"origin": [-0.25, 97.3, -216.5],
							"size": [0.5, 0.5, 10],
							"uv": {
								"north": {"uv": [4, 0], "uv_size": [1, 1]},
								"east": {"uv": [4, 0], "uv_size": [1, 1]},
								"south": {"uv": [4, 0], "uv_size": [1, 1]},
								"west": {"uv": [4, 0], "uv_size": [1, 1]},
								"up": {"uv": [5, 1], "uv_size": [-1, -1]},
								"down": {"uv": [5, 1], "uv_size": [-1, -1]}
							}
						}
					]
				},
				{
					"name": "sec28",
					"parent": "sec27",
					"pivot": [0, 88.3, -216],
					"cubes": [
						{
							"origin": [-0.25, 82.8, -224.5],
							"size": [0.5, 0.5, 10],
							"uv": {
								"north": {"uv": [4, 0], "uv_size": [1, 1]},
								"east": {"uv": [4, 0], "uv_size": [1, 1]},
								"south": {"uv": [4, 0], "uv_size": [1, 1]},
								"west": {"uv": [4, 0], "uv_size": [1, 1]},
								"up": {"uv": [5, 1], "uv_size": [-1, -1]},
								"down": {"uv": [5, 1], "uv_size": [-1, -1]}
							}
						},
						{
							"origin": [-0.25, 97.3, -224.5],
							"size": [0.5, 0.5, 10],
							"uv": {
								"north": {"uv": [4, 0], "uv_size": [1, 1]},
								"east": {"uv": [4, 0], "uv_size": [1, 1]},
								"south": {"uv": [4, 0], "uv_size": [1, 1]},
								"west": {"uv": [4, 0], "uv_size": [1, 1]},
								"up": {"uv": [5, 1], "uv_size": [-1, -1]},
								"down": {"uv": [5, 1], "uv_size": [-1, -1]}
							}
						}
					]
				},
				{
					"name": "sec29",
					"parent": "sec28",
					"pivot": [0, 88.3, -224],
					"cubes": [
						{
							"origin": [-0.25, 82.8, -232.5],
							"size": [0.5, 0.5, 10],
							"uv": {
								"north": {"uv": [4, 0], "uv_size": [1, 1]},
								"east": {"uv": [4, 0], "uv_size": [1, 1]},
								"south": {"uv": [4, 0], "uv_size": [1, 1]},
								"west": {"uv": [4, 0], "uv_size": [1, 1]},
								"up": {"uv": [5, 1], "uv_size": [-1, -1]},
								"down": {"uv": [5, 1], "uv_size": [-1, -1]}
							}
						},
						{
							"origin": [-0.25, 97.3, -232.5],
							"size": [0.5, 0.5, 10],
							"uv": {
								"north": {"uv": [4, 0], "uv_size": [1, 1]},
								"east": {"uv": [4, 0], "uv_size": [1, 1]},
								"south": {"uv": [4, 0], "uv_size": [1, 1]},
								"west": {"uv": [4, 0], "uv_size": [1, 1]},
								"up": {"uv": [5, 1], "uv_size": [-1, -1]},
								"down": {"uv": [5, 1], "uv_size": [-1, -1]}
							}
						}
					]
				},
				{
					"name": "sec30",
					"parent": "sec29",
					"pivot": [0, 88.3, -232],
					"cubes": [
						{
							"origin": [-0.25, 82.8, -240.5],
							"size": [0.5, 0.5, 10],
							"uv": {
								"north": {"uv": [4, 0], "uv_size": [1, 1]},
								"east": {"uv": [4, 0], "uv_size": [1, 1]},
								"south": {"uv": [4, 0], "uv_size": [1, 1]},
								"west": {"uv": [4, 0], "uv_size": [1, 1]},
								"up": {"uv": [5, 1], "uv_size": [-1, -1]},
								"down": {"uv": [5, 1], "uv_size": [-1, -1]}
							}
						},
						{
							"origin": [-0.25, 97.3, -240.5],
							"size": [0.5, 0.5, 10],
							"uv": {
								"north": {"uv": [4, 0], "uv_size": [1, 1]},
								"east": {"uv": [4, 0], "uv_size": [1, 1]},
								"south": {"uv": [4, 0], "uv_size": [1, 1]},
								"west": {"uv": [4, 0], "uv_size": [1, 1]},
								"up": {"uv": [5, 1], "uv_size": [-1, -1]},
								"down": {"uv": [5, 1], "uv_size": [-1, -1]}
							}
						}
					]
				},
				{
					"name": "sec31",
					"parent": "sec30",
					"pivot": [0, 88.3, -240],
					"cubes": [
						{
							"origin": [-0.25, 82.8, -248.5],
							"size": [0.5, 0.5, 10],
							"uv": {
								"north": {"uv": [4, 0], "uv_size": [1, 1]},
								"east": {"uv": [4, 0], "uv_size": [1, 1]},
								"south": {"uv": [4, 0], "uv_size": [1, 1]},
								"west": {"uv": [4, 0], "uv_size": [1, 1]},
								"up": {"uv": [5, 1], "uv_size": [-1, -1]},
								"down": {"uv": [5, 1], "uv_size": [-1, -1]}
							}
						},
						{
							"origin": [-0.25, 97.3, -248.5],
							"size": [0.5, 0.5, 10],
							"uv": {
								"north": {"uv": [4, 0], "uv_size": [1, 1]},
								"east": {"uv": [4, 0], "uv_size": [1, 1]},
								"south": {"uv": [4, 0], "uv_size": [1, 1]},
								"west": {"uv": [4, 0], "uv_size": [1, 1]},
								"up": {"uv": [5, 1], "uv_size": [-1, -1]},
								"down": {"uv": [5, 1], "uv_size": [-1, -1]}
							}
						}
					]
				},
				{
					"name": "sec32",
					"parent": "sec31",
					"pivot": [0, 88.3, -248],
					"cubes": [
						{
							"origin": [-0.25, 82.8, -256.5],
							"size": [0.5, 0.5, 10],
							"uv": {
								"north": {"uv": [4, 0], "uv_size": [1, 1]},
								"east": {"uv": [4, 0], "uv_size": [1, 1]},
								"south": {"uv": [4, 0], "uv_size": [1, 1]},
								"west": {"uv": [4, 0], "uv_size": [1, 1]},
								"up": {"uv": [5, 1], "uv_size": [-1, -1]},
								"down": {"uv": [5, 1], "uv_size": [-1, -1]}
							}
						},
						{
							"origin": [-0.25, 97.3, -256.5],
							"size": [0.5, 0.5, 10],
							"uv": {
								"north": {"uv": [4, 0], "uv_size": [1, 1]},
								"east": {"uv": [4, 0], "uv_size": [1, 1]},
								"south": {"uv": [4, 0], "uv_size": [1, 1]},
								"west": {"uv": [4, 0], "uv_size": [1, 1]},
								"up": {"uv": [5, 1], "uv_size": [-1, -1]},
								"down": {"uv": [5, 1], "uv_size": [-1, -1]}
							}
						}
					]
				}
			]
		}
	]
}