{
	"format_version": "1.12.0",
	"minecraft:geometry": [
		{
			"description": {
				"identifier": "geometry.mtc_car",
				"texture_width": 1,
				"texture_height": 2,
				"visible_bounds_width": 60,
				"visible_bounds_height": 6,
				"visible_bounds_offset": [0, 0.5, 0]
			},
			"bones": [
				{
					"name": "bone",
					"pivot": [0, 0, 0],
					"cubes": [
						{
							"origin": [-8, 4, -8],
							"size": [16, 8, 16],
							"uv": {
								"north": {"uv": [0, 1], "uv_size": [1, 1]},
								"east": {"uv": [0, 1], "uv_size": [1, 1]},
								"south": {"uv": [0, 1], "uv_size": [1, 1]},
								"west": {"uv": [0, 1], "uv_size": [1, 1]},
								"up": {"uv": [1, 1], "uv_size": [-1, -1]},
								"down": {"uv": [1, 1], "uv_size": [-1, -1]}
							}
						}
					]
				}
			]
		}
	]
}