{
  "format_version": "1.8.0",
  "minecraft:entity": {
    "description": {
      "identifier": "mtc:rail_def2",
      "is_spawnable": false,
      "is_summonable": true,
      "is_experimental": false
    },
    "component_groups": {},
    "components": {
      "minecraft:collision_box": {
        "width": 0.5,
        "height": 0.2
      },
      "minecraft:damage_sensor": {
        "triggers": {
          "cause": "all",
          "deals_damage": false
        }
      },
      "minecraft:type_family": {
        "family": [
          "mtc_rail",
          "mtc_rail1"
        ]
      },
      "minecraft:health": {
        "value": 1,
        "max": 1
      },
      "minecraft:pushable": {
        "is_pushable": false,
        "is_pushable_by_piston": false
      },
      "minecraft:physics": {
        "has_collision": false,
        "has_gravity": false
      }
    },
    "events": {}
  }
}