{
	"format_version": "1.10.0",
	"particle_effect": {
		"description": {
			"identifier": "mtc:matrix1",
			"basic_render_parameters": {
				"material": "particles_alpha",
				"texture": "textures/particles/matrix1"
			}
		},
		"components": {
			"minecraft:emitter_rate_steady": {
				"spawn_rate": 4,
				"max_particles": 100
			},
			"minecraft:emitter_lifetime_looping": {
				"active_time": 1
			},
			"minecraft:emitter_shape_point": {},
			"minecraft:particle_lifetime_expression": {
				"max_lifetime": 1.5
			},
			"minecraft:particle_initial_speed": 0,
			"minecraft:particle_motion_dynamic": {},
			"minecraft:particle_appearance_billboard": {
				"size": [10.125, 10.125],
				"facing_camera_mode": "emitter_transform_xz",
				"uv": {
					"texture_width": 161,
					"texture_height": 161,
					"uv": [0, 0],
					"uv_size": [161, 161]
				}
			},
			"minecraft:particle_appearance_tinting": {
				"color": [1, 0, 0, 1]
			}
		}
	}
}