{
    "format_version": "1.20.40",
    "minecraft:item": {
        "description": {
            "identifier": "mtc:i_notp",
            "category": "Equipment"
        },
        "components": {
            "minecraft:icon": {
                "texture": "mtc_notp"
            },
            "minecraft:max_stack_size": 1,
            "minecraft:interact_button": true,
            "minecraft:durability": {
                "damage_chance": {
                    "min": 0,
                    "max": 0
                },
                "max_durability": 32
            },
            "minecraft:can_destroy_in_creative": false
        }
    }
}