{
    "format_version": "1.10.0",
    "animation_controllers": {
        "controller.animation.mtc_set": {
            "states": {
                "default": {
                    "transitions": [
                        {
                            "do1": "1"
                        }
                    ]/*5ac83319e7a6fb3247da8f1776f49503fe3026e6480ffc1cc39a718764b30ad1*/
                },
                "do1": {
                    "transitions": [
                        {
                            "default": "1"
                        }
                    ],
                    "on_entry": [
                        "/function mtc_inner/inner_set"
                    ]
                }
            }
        }
    }
}