{
  "format_version": "1.8.0",
  "minecraft:client_entity": {
    "description": {
      "identifier": "mtc:doorl",
      "materials": {
        "default": "skeleton"
      },
      "textures": {
        "default": "textures/entity/null"
      },
      "geometry": {
        "default": "geometry.null"
      },
      "render_controllers": [ 
        "controller.render.default" /*5ac83319e7a6fb3247da8f1776f49503fe3026e6480ffc1cc39a718764b30ad1*/
      ],
      "spawn_egg": {
        "texture": "spawn_mtc_controll",
        "texture_index":9
      }
    }
  }
}