{
  "format_version": "1.8.0",
  "minecraft:client_entity": {
    "description": {
      "identifier": "mtc:kill_train",
      "materials": {
        "default": "skeleton"
      },
      "textures": {
        "default": "textures/entity/null"
      },
      "geometry": {
        "default": "geometry.null"
      },
      "render_controllers": [ 
        "controller.render.default" 
      ],
      "spawn_egg": {
        "texture": "spawn_mtc_controll",
        "texture_index":0
      }
    }
  }
}